"","Sample.type","Sample.total","Gene1","Gene2","Gene1.mean","Gene2.mean","Gene1.median","Gene2.median","estimate","statistic","p.value","method","alternative","Gene1.vs.Gene2.mean.logFC","Gene1.vs.Gene2.median.logFC","Gene1.vs.Gene2.mean.FC","Gene1.vs.Gene2.median.FC","p.adj"
"1","Tumor",10024,"ACE2","TMPRSS2",5.17441404768724,7.57275409629859,4.60877376375689,7.96836722415019,0.298043100352858,111670558089.17,3.79881560815439e-201,"Spearman's rank correlation rho","two.sided",-2.39834004861135,-3.3595934603933,-5.2719622817098,-10.2645143171473,7.59763121630878e-201
"2","Normal",708,"ACE2","TMPRSS2",6.6099304535058,10.545613422296,5.9836220196201,11.0390560340881,0.278525038437497,42674547.0316092,4.42563442710342e-14,"Spearman's rank correlation rho","two.sided",-3.93568296879018,-5.055434014468,-15.3023674755928,-33.2534936457676,4.42563442710342e-14
