"","Cancer","Sample.type","Tumor.sample.total","Normal.sample.total","Gene","Tumor.mean","Normal.mean","Tumor.median","Normal.median","estimate","statistic","p.value","parameter","conf.low","conf.high","method","alternative","Tumor.vs.Normal.mean.logFC","Tumor.vs.Normal.median.logFC","Tumor.vs.Normal.mean.FC","Tumor.vs.Normal.median.FC","p.adj"
"1","AllCancer","Tumor_vs_Normal",692,692,"ACE2",5.84802900812088,6.58243763185368,5.47683714359041,5.94230501169076,-0.734408623732797,-6.94474724294189,8.76269414502237e-12,691,-0.942038944359583,-0.526778303106011,"Paired t-test","two.sided",-0.734408623732797,-0.465467868100348,-1.66371535475035,-1.38076506491501,8.76269414502237e-12
"2","AllCancer","Tumor_vs_Normal",692,692,"TMPRSS2",8.85572369738101,10.52933859576,9.05639306067655,11.0321431281209,-1.67361489837896,-12.2986478082815,1.41476437699993e-31,691,-1.94079715835837,-1.40643263839955,"Paired t-test","two.sided",-1.67361489837896,-1.97575006744437,-3.19012929765148,-3.93332682735632,2.82952875399987e-31
